Question,Option A,Option B,Option C,Option D,Option E,Correct Answer,Explanation
Which antibiotic is contraindicated in patients under 12?,Ciprofloxacin,Amoxicillin,Fluconazole,Doxycycline,Clarithromycin,D,Doxycycline is a tetracycline antibiotic that can permanently discolour teeth and affect bone growth in children under 8 years old. Generally its not recommended for patients under the age of 12.
"Ms. DuBois comes to your pharmacy complaining of hard, pellet-like stools. She appears visibly pregnant and on questioning you confirm that she is 7 months pregnant. She has tried to change her diet and drinks more water but this has been ineffective. She has medical history and takes no other medications. What is the most appropriate advice to give Ms. DuBois? 
",Recommend Senna tablets,Recommend Lactulose,Recommend Bisacodyl tablets,Recommend milk of magnesia,Drink herbal tea,B,"Ms B is suffering from constipation and needs an osmotic laxative if dietary measures have been ineffective.
Pepto-Bismol & Milk of Magnesia - for indigestion
Senna & Bisacodyl - stimulant laxatives should not be used first-line in pregnancy"
A 66-year-old man has a prescription for loperamide 2mg capsules for acute diarrhoea. The prescription states 'to be taken as directed' but he can't remember how he was told to take them. What is the maximum number of loperamide capsules this patient could take in ONE day?,16,4,10,6,8,E,Maximum dose of loperamide for acute diarrhoea: 16mg in 24 hours.
Which ONE of the following agents is first line treatment to obtain rate control in atrial fibrillation?,"Amiodarone 
",Bisoprolol,Digoxin,Flecanaide,Verapamil,B,NICE guidelines recommend beta blockers to be used as first line for rate control in atrial fibrillation
Which ONE of the following should be omitted to achieve the greatest reduction in risk of complications associated with an epidural catheter insertion?,Dabigatran,Levothyroxine,Docetaxel,Gliclazide,Dalteparin,A,NOACs have a risk of an epidural haematoma (collection of blood between the skull and dura matter). No evidence of a risk associated with LMWH.
"Mr Henley, who weighs 70kg, recently began taking a dose of 20mg/kg of phenytoin for treatment of status epilepticus. What is the total plasma-phenytoin concentration range for optimum response?
",5-10 micrograms/litre,10-15 micrograms/litre,2.50-5 mg/litre,20-25 mg/litre,10-20 mg/litre,E,The total plasma-phenytoin concentration recommended for optimum response is 10-20 mg/litre (or 40-80 micromol/litre).
72-year-old Mr Allen was admitted to your ward for routine surgery. He has a past medical history of Parkinson’s disease and hypertension for which he currently takes Madopar 250mg TDS and Amlodipine 5mg OM. Which one of the following is the most appropriate to treat his post-operative nausea and vomiting?,Ondasetron,Haloperidol,Cyclizine,Perphenazine,Prochlorperazine,C,"All options other than A carry a risk of extrapyramidal side effects. Haloperidol, perphenazine, prochlorperazine and metoclopramide block dopamine receptors. Domperidone would be first line but is not an option given. Domperidone is a dopamine receptor antagonist but does not cross the blood brain barrier."
"A patient comes into your pharmacy with some questions about their medication. They have recently started taking theophylline a few weeks ago and think they are experiencing a side effect from the drug.
Which of the following could be a sife-effect of theophylline?",Constipation,Diarrhoea, Increased appetite,Anosmia,Dizziness,B,"Side effects of theophylline include: diarrhoea, arrhythmias; convulsions;CNS stimulation; gastric irritation; headache; insomnia; nausea; palpitation; tachycardia; vomiting"
"Mrs Betram comes into your pharmacy complaining of a sore mouth that developed over the last 24 hours. On examination you notice she has red and raw cheeks and tongue. On questioning you find she has newly started Clenil Modulite inhaler (beclomethasone dipropionate) 2 weeks ago and you send Mrs Betram to the GP. 
The GP contacts you and asks what the most appropriate initial treatment for Mrs Betram.","Nystatin (100,000 units/mL) 1mL QDS",Strepsil lozenges,Itraconazole 100mg BD,Fluconazole 50mg OD,Increase fluid intake,A,Mrs Betram has oral thrush due to her newly prescribed Clenil Modulite inhaler (beclomethasone). Initial treatment should be with nystatin or miconazole. Fluconazole is indicated for unresponsive infections or if a topical anti-fungal is contraindicated or if the patient has dry mouth.
"At Mrs Atwood's annual review, her HbA1c is much higher than usual. She asks you if this could be caused by changes in her medication.

Which of the following drugs that Mrs Atwood started in the last 3 months is the most likely to have caused the change in her result?",Aspirin,Ibuprofen,Prednisolone,Ramipril,Warfarin,C,Prednisolone has glucocorticoid activity. Glucocorticoids can cause insulin resistance and hyperglycaemia.
"A 3-week-old baby has had bouts of extreme crying during which he pulls his legs up to his chest and goes red in the face. The symptoms began yesterday and his mother claims he is otherwise well. 

Which of the following options is most appropriate?",Recommend a product containing ispaghula husk,Recommend lactulose,"Recommend a product containing simethicone
",Refer urgently to a GP,Recommend Senna liquid,C,"The symptoms describe COLIC. Simethicone drops, such as Infacol, are a supplement that can be added to your baby's bottle or breast milk before a feed and help release bubbles of trapped air in your baby's digestive system."
"Children under the age of 16 should not be given Aspirin due to the risk of developing Reye’s syndrome.
Which ONE of the following signs and symptoms is least likely to occur?
",Vomiting,Seizures,Muscle achesS,Raised white cell count,Delirium,B,"Initially Reye’s syndrome can present with persistent, effortless vomiting, lack of interest/enthusiasm, energy loss, drowsiness, rapid breathing and seizures. As it progresses, the symptoms may become more severe and wide ranging including personality changes such as extreme irritability, aggressive behaviour, delirium and coma. LFTs and WCC are normally raised.
"
"Mr Pebbles often drives large vehicles for transporting goods. He comes into your pharmacy asking for advice on drugs that can affect driving, as there have been new drug-driving laws published.
Which of the following may cause a sudden onset of sleep?
",Lansoprazole,"Epinephrine
","Pyrazinamide
",Co-beneldopa,Dipyridamole,D,Excessive daytime sleepiness and sudden onset of sleep can be caused by levodopa. Patients should be warned of the risk and the need to be cautious when driving or operating machinery. Those who have experienced excessive sedation or sudden onset of sleep should refrain from driving or operating machines until these effects have stopped occurring.
"Mr Begum has a new prescription for a salbutamol 100mcg MDI. The pharmacist checks his inhaler technique and discusses the potential side effects.

Which of these is not an established side effect of salbutamol therapy?",Palpitation ,Fine tremor,Muscle cramps,Hyperkalaemia,Tachycardia,D,Salbutamol can cause hypokalaemia and is unlicensed for the treatment of hyperkalaemia.
"Mr Lewing has come to the travel clinic at your pharmacy. He believes he needs anti-malaria tablets before his travel to a country with a high prevalence of malaria. He gives you a list of the medications he is currently taking:
▪ Sertraline 200mg OD for severe anxiety
▪ Propranolol 40mg TDS for severe anxiety

Which anti-malarial medication would be the LEAST suitable for Mr Lewing based on his medication and clinical history?",Chloroquine,Chloroquine with proguanil,Mefloquine,Proguanil,Doxycycline,C,"Mefloquine is contraindicated in a current or previous history of depression, generalized anxiety disorder, psychosis, schizophrenia, suicide attempts, suicidal thoughts, self-endangering behaviour or any other major psychiatric disorders."
Which of the following is a side effect of mineralocorticosteroids?, Sodium loss,Peptic ulceration,Osteoporosis,Hypertension,Hyperkalaemia,D,"Side effects of mineralocorticosteroids include hypertension, sodium retention, water retention, potassium loss and calcium loss."
"Mrs Spades weighs 84 kg and is being treated with gentamicin at a dose of 7 mg/kg once daily.

Her serum gentamicin levels are found to be high, so you recommend a 25% reduction in her next dose. You have gentamicin available as 240 mg/80 mL infusion bags.

What volume of gentamicin 240 mg/80 mL solution for infusion is needed for her next dose?",127ml,1.84ml,14.7ml,167ml,147ml,E,"Original dose = 84 x 7 = 588 mg.
Decreased by 25%, the new dose will be 588 x 0.75 = 441 mg.
The strength of the infusion is 240 mg/80 mL; therefore 441 mg is in (441/240) x 80 = 147 mL"
"Mr James is started on Sulfasalazine 1g FOUR times a day for acute treatment of active Crohn’s disease.

Which of these ADRs does Mr James need to be counselled about?",Bradycardia,Sore throat,Haemturia,Myopathy,Drowsiness,B,"Blood disorders – patients on aminosalicylates and their carers should be advised to report any UNEXPLAINED BLEEDING, BRUISING, PURPURA, SORE THROAT, FEVER OR MALAISE that occurs "
"Mr Phillips has had recurrent deep-vein thrombosis for which warfarin for several months. His most recent three INR readings have been stable at 2.4.
What should his INR target be?
",2,2.5,3,3.5,4.5,D,INR target of 3.5 for recurrent deep-vein thrombosis or pulmonary embolism in patients currently on anticoagulation and with an INR above 2.
"Mrs Davis usually akes carbamazepine.
Which side effects should be urgently reported to the doctor?",Hirsuitism,Hyponatraemia,Nausea,Unexplained bleeding or bruising,Diarrhoea,D,"Carbamazepine can commonly cause blood, hepatic or skin disorders. Patients and carers should be advised on how to recognise signs of blood, liver or skin disorders, and to seek immediate medical attention if experiencing symptoms such as fever, rash, mouth ulcers, bruising, or bleeding develop.
"
"A patient comes to your pharmacy with his 4-year-old daughter with a prescription for Seretide 50 Evohaler (salmeterol and fluticasone). The dose states TWO puffs TWICE a day with a spacer.

Which of the actions below are the most appropriate?",Return prescription to prescriber for alternative brand,Contact prescriber to discuss supply of unlicensed medicines,Contact prescriber to reduce dose to ONE puff TWICE a day,"Contact prescriber to reduce dose to TWO puffs ONCE a day
",Return prescription to prescriber alternative inhalation device,A,Salmeterol is not licensed for use in children under 5 years old.
"Mrs Evans, a 34-year-old lady is 1 month pregnant and suffers from morning sickness. She complains of a burning sensation when urinating and has a slightly raised temperature. The doctor has started her on antibiotics while waiting for her urine specimen culture testing results. Mrs Evans has no regular medication and no past medical history.
Which of the following antibiotics is most suitable for Mrs Evans to start whilst waiting for her culture results to return?
",Trimethoprim,Cefalexin,Methenamine hippurate,"Doxycycline
",Ciprofloxacin,B,"Uncomplicated lower UTIs often respond to trimethoprim or nitrofurantoin, or alternatively, amoxicillin, ampicillin or oral cephalosporin can be used. Suggested treatment duration is 7 days, but a shorter course (e.g. 3 days) is usually adequate in women. Trimethoprim is teratogenic and should be avoided in the first trimester of pregnancy."
"Mrs Landew is a 57-year-old woman who presents to the acute medicine unit at her local hospital feeling unwell. They suspect it could be an acute kidney injury (AKI).

Which one of the following symptoms is she most likely to have presented with that would indicate acute kidney injury?",Fever,Ascites,Arm pain,Oliguria,Palpitations,D,"Oliguria is the production of small amounts of urine and indicates AKI alongside oedema (legs, ankles and around the eyes), fatigue, shortness of breath, confusion, nausea, seizures, chest pain or pressure and coma (severe)."
"Mr Wayne was diagnosed with Type 2 diabetes a few months ago. He has struggled to control his glucose levels and is on a new anti-diabetic drug. He is a bus driver and is concerned that this new medication will affect his ability to drive. When counselling him, you tell him he can drive but warn him about hypoglycaemia and its dangers.

Which of the following medications has Mr H most likely been started on?",Acarbose,Glipizide,Pioglitazone,Metformin,Sitagliptin,B,"Glipizide is a sulfonylurea and they carry a risk of hypoglycaemia. They augment insulin secretion and consequently are effective only when there is some residual pancreatic beta-cell activity.
"
"You need to give a patient i.v. amoxicillin at a dose of 1 g every 6 hours. You have amoxicillin 1 g vials available, which should be reconstituted to a strength of 50 mg/mL.

Amoxicillin has a displacement value of 0.4 mL per 500 mg.

What liquid volume do you need to add to the vial to produce a solution of the required strength for a single dose? Give your answer to one decimal place.
",12,8,19.2,9.2,18.2,C,"500 mg of amoxicillin displaces 0.4 mL of liquid; therefore 1 g displaces 0.8 mL.
The final strength of the solution should be 50 mg/mL; therefore, the final volume needs to be 20 mL since the vial contains 1000 mg.
The volume required is therefore 20-0.8 = 19.2 mL"
"Which type of insulin is classed as long acting?
","Insulin Isophane
",Insulin Glargine,"Insulin Lispro
",Insulin Aspart,"Novorapid
",B,"Aspart and Lispro - rapid acting, Isophane - intermediate acting
Novorapid is an alternative name for Insulin Aspart
"
"Mrs Wells is a 53-year-old woman with Type 2 Diabetes and takes Metformin 500mg THREE times a day. She presents to your pharmacy with painful mouth lesions that bleed when she rubs them. Her symptoms began 10 days ago and she has noticed that the number of lesions  and pain have increased. On examination, you see a number of white patches on her tongue.

Which of the following is the most appropriate action for you to take?",Advise Mrs Wells she is experiencing recognised side effects of her medication and that she can take paracetamol for fer pain.,"Advise her to use Bonjela oral gel and to apply it to the lesions up to 8 times a day
",Advise Mrs H that she is suffering from mouth ulcers and using an antibacterial mouthwash may help,Sell her Nystatin oral suspension and advise her to apply 1mL to the lesion FOUR times a day for 7 days, Advise Mrs H to see her GP as her medication may need to be reviewed,E,Mrs Wells has mouth ulcers which are not a side effect of metformin and could be serious.
"Ms Denns, a 25-year-old woman was recently diagnose with hypothyroidism. She comes to your pharmacy with a prescription for levothyroxine 50mcg daily. Which of the options below is the least appropriate advice to give Ms Denns taking the levothyroxine tablets?",Antacids should not be taken at the same time as levothyroxine,You should wait at least 30 minutes after taking your levothyroxine tablets before you drink coffee or tea,"If you are taking iron supplements, you should leave a 2-hour gap between taking iron and levothyroxine",Calcium salts can reduce the absorption of levothyroxine,Levothyroxine is best taken in the morning with breakfast,E,"Options A, B, C, and D are all appropriate advice and address relevant interactions that can affect affect levothyroxine absorption. 
Option E is wrong as as although it is recommended to take levothyroxine on an empty stomach, patients may prefer to take it with food to avoid gastrointestinal side effects."
"Mrs Cowel's doctor thinks she may be at risk of Type 2 diabetes and that  a blood test should be taken to see what her HbA1C levels are.

Which of the following HbA1C values would indicate a diagnosis of type 2 diabetes?",49 mmol/mol,"45 mmol/mol
",43 mmol/mol,41 mmol/mol,"40 mmol/mol
",A,"HbA1C values between 42-47 mmol/mol (5.5-6.4%) indicate prediabetes, and values below 42 mmol/mol (5.5%) are considered normal levels. Any value above 48mmol/mol indicates Type 2 Diabetes."
"Ms Hope takes regular oral hydrocortisone as she has been recently diagnosed with Addison’s disease. You have been asked to counsel her on the use of steroids.

Which of these is not a recognised side effect of corticosteroid therapy?
",Hypoglycaemia,"Diabetes
",Hypertension,Osteoporosis,Weight gain,A,Corticosteroid therapy lead to hyperglycaemia from insulin resistance
"Mrs Brompson is 63-years-old and has taken Pioglitazone 20mg daily for the last 12 weeks alongside her regular dose of Gliclazide 40mg once daily. She comes to your pharmacy feeling really tired, experiencing abdominal pain and thinks her urine is darker. She also tells you she was feeling sick yesterday.

Which of the following is the most appropriate advice to give Mrs Brompson?",She should see the GP as the dose of pioglitazone may need to be reduced,She should see the GP as the dose of pioglitazone may need to be increased,The symptoms described are not known to be caused by pioglitazone,Stop taking pioglitazone straight away and see her GP as soon as possible,She is experiencing a side-effect of pioglitazone and whilst safe to continue taking it she may wish to see her GP for an alternative,D,"The European Medicines Agency advise that pioglitazone use is associated with a small increased risk of bladder cancer. Patients already taking pioglitazone should be assessed bladder cancer risk factors and treatment should be reviewed after 3-6 months. Patients should be advised to promptly report symptoms of haematuria, dysuria, or urinary urgency during treatment."
"You are an independent prescriber at a diabetic clinic. Ms Lee was recently diagnosed with gestational diabetes. Unfortunately she did not respond adequately to two weeks energy and carbohydrate intake restriction and an increase in physical activity. Her fasting blood glucose is 6.1 mmol/L.

Which of the following is most appropriate advice for this patient?
", Ms P should be initiated on Metformin,Ms P should be initiated on insulin,"Ms P should be initiated on Gliclazide
",Offer no treatment and refer Ms P to a dietician,"Offer no treatment and advise Ms P to continue with a healthy diet during pregnancy and emphasise to eat foods with a low glycaemic index.
",E,"First-line management for women with gestational diabetes who have a fasting plasma glucose below 7 mmol/L at diagnosis, is a change in diet and exercise alone. If blood-glucose targets are not achieved within 1 to 2 weeks, metformin hydrochloride can be prescribed although it is currently unlicensed for this use. Insulin also be prescribed if metformin is contraindicated or not tolerated, and can be added to treatment if metformin alone is not effective."
"Miss Garving presents to your pharmacy wanting to buy a tanning lotion before he trip to the Caribbean. You look over her records and note that one of her drugs causes phototoxicity.

Which of the following is the most likely to cause this effect?
","Propranolol
",Doxycycline,"Lisinopril
",Simvastatin,Lactulose,B,Doxycycline can cause photosensitivity reactions and it is important to avoid direct sunlight and ensure adequate sun protection.
"Mrs Kings weighs 60kg and has been prescribed Gentamicin 5mg/kg once daily. 80mg/2mL Gentamicin injections are available on the ward in 2mL ampoules.

How many ampoules will be required to make up the prescribed dose?",3,4,5,6,8,B,"The total dose of gentamicin needed:
5 mg/kg x 60 kg = 300 mg
Calculate the volume of gentamicin needed:
Volume = Total dose / Concentration
300 mg / 80 mg/2 mL = 7.5 mL 
Each ampoule contains 2 mL of gentamicin so we need to divide the volume needed by 2 to get the number of ampoules required:
Number of ampoules = Volume needed / 2
7.5 mL / 2 mL = 3.75
Round this up to the nearest whole number, which is 4."
"Mr Tallows was admitted to hospital with a lower respiratory tract infection. He is awaiting microbiology results on his sputum and an atypical pathogen cause is not suspected.

Which of the pathogens below is most likely cause of the respiratory tract infection?",Clostridium botulinum,Legionella pneumophillia,"Mycoplasma pneumoniae
","Mycobacterium tuberculosis
",Streptococcus pneumoniae,E,Streptococcus pneumoniae is the most common cause of lower respiratory tract infections. Mycoplasma pneumoniae is also a common cause however this is an atypical pathogen.
"Mr Handley has a prescription for rifampicin, isoniazid, pyrazinamide ethambutol and pyridoxine. He is aware that rifampicin, ethambutol, isoniazid and pyrazinamide are antibiotics but has not been told why he was given pyridoxine (Vitamin B). You explain that the pyridoxine is to prevent a certain side effect.

Which one of the below adverse effects of isoniazid can is pyridoxine prohylaxis for?",Peripheral neuropathy,Hepatitis,Vomiting,Blood disorders,"Skin rash
",A,"Pyridoxine is co-prescribed with isoniazid to prevent isoniazid-induced neuropathy, a common side effect of isoniazid."
"Mrs Burrows is having an acute pyelonephritis and is being treated with an intravenous infusion of gentamicin given once daily. She had her first dose 21 hours ago and her next is due in 3 hours.

Which tests should be performed 18-24 hours after the first dose of gentamicin?
",C-reactive protein concentration, Audiometry,"Serum creatinine concentration
",Serum gentamicin concentration,Estimated glomerular filtration rate,D,"For once daily dosing, gentamicin levels should be checked 20 hours post dose. The level should be below 1mg/L before the next dose can be administered."
"35-year-old Ms Leyton comes into your pharmacy with muscle aches and abdominal pain starting last night. She also mentions she has experienced a burning sensation when passing urine, cloudy urine, and that she has been having a strong and frequent urge to urinate.

What is the most likely cause of Ms Leyton's symptoms?
", Pyelonephritis,"Schistosomiasis
",Gonorrhoea,Chlamydia,Urinary tract infection,E,"These symptoms are classic of a urinary tract infection.
"
"Mrs Debbings has a urinary tract infection. Her past medical history consists of rheumatoid arthritis and hypothyroidism. She also has a  severe flucloxacillin allergy. She currently takes levothyroxine 125mcg with 100mcg, folic acid 5mg on alternate days and a once weekly methotrexate 20mg injection.

What would be the most suitable therapy to treat Mrs Debbings' ymptoms?","Cefuroxime
",Amoxicillin,"Co-amoxiclav
","Trimethoprim
",Nitrofurantoin,E,"She has a penicillin allergy and cannot have amoxicillin or co-amoxiclav. Trimethoprim and nitrofurantoin are first line for uncomplicated urinary tract infections, however she is using methotrexate which is a folate antagonist so she cannot use trimethoprim which is also a folate antagonist. Trimethoprim is predicted to increase the risk of side-effects when given in conjuction with methotrexate and is strongly advised against."
"Miss Brooks is 8-years-old and has is admitted to your ward with an infective exacerbation of cystic fibrosis. Her sputum sample has returned from microbiology and she has been prescribed: Ceftazidime, Tobramycin and Flucloxacillin.
Which of the following organisms are the prescribed antibiotics most likely to be covering?
",Haemophilus and staphylococcus aureus,Haemophilus and streptococcus pneumoniae,Pseudomonas and streptococcus pneumoniae,Staphylococcus aureus and pseudomonas,Streptococcus and staphylococcus aureus,D,"Tobramycin is active pseudomonas and flucloxacillin is commonly used for staphylococcal infections.
"
"Mrs Banton is a 49-year-old female who has been admitted to your ward with an infection. She is prescribed antibiotics.

Which of the following antibiotics should Mrs Banton be told may colour the urine orange-red?", Amoxicillin,"Ciprofloxacin
",Metronidazole,Oxytetracycline,"Rifampicin
",E,Rifampicin colours body fluids orange/red.
"84 year old Mr Hanning has been in hospital for 3 weeks for the treatment of severe community acquired pneumonia and has developed a Clostridium Difficile infection. He has no known drug allergies.

Which is the single most appropriate antibiotic for a Clostridium Difficile infection?
", Co-amoxiclav tablets,"Co-trimoxazole tablets
",Doxycycline capsules,Erythromycin tablets,Vancomycin capsules,E,Oral metronidazole or oral vancomycin is used for clostridium difficile infections.
"68 year old Mrs Reed is in hospital with an infective COPD exacerbation. She has been prescribed nebulised medication for symptom relief. Mrs Reed read online that a certain nebulised medication can cause acute angle-closure glaucoma if the patient's eyes are not protected.

Which ONE of the following medications is she referring to?
 ",Budesonide,Ipatropium,"Salbutamol
","Fluticasone
",Terbutaline,B,"BNF Caution: Acute angle-closure glaucoma incidence has been reported with nebulised ipratropium, particularly when given alongside nebulised salbutamol (and possibly other beta-2 agonists); care should be taken to protect the patient’s eyes from nebulised drug or from drug powder."
"A 70 year old male is currently suffering from persistent breathlessness due to his COPD. He has been previously prescribed a salbutamol inhaler but it recently has not been controlling his symptoms. His FEV1 is 53%.

Which ONE of the following is the most appropriate treatment option?","Short-acting muscarinic antagonist
","Domiciliary oxygen
","Long acting beta2 agonist plus inhaled corticosteroid
","Long acting muscarinic agonist
","Long acting muscarinic antagonist plus long acting beta2 agonist plus inhaled corticosteroid
",D,"When the patient's FEV1 is greater than 50%, the next step is to add a LAMA or a LABA alone.
"
"64-year-old male Mr Harve has been admitted to hospital with persistent breathlessness from an acute severe exacerbation of his COPD. He has been started on a slow intravenous injection of aminophylline followed by a maintenance dose via intravenous infusion.

Which of the following is the most appropriate plasma-drug concentration for satisfactory bronchodilation?",10-20 mcg/L,10-20 mg/L,55-110 mcg/L,20-30 mg/L,15-20 mg/L,B,"A plasma-theophylline concentration of 10-20mg/litre (55-110mcg/L) is required for satisfactory bronchodilation, however, a lower plasma-theophylline concentration of 5-15mg/litre may also be effective. Adverse effects can occur within the range 10-20mg/litre and both the frequency and severity of effects increase at concentrations above 20mg/litre."
"55-year-old Ms Chow comes into A&E after mistakenly taking too many theophylline tablets. Tests show a peak theophylline serum concentration of 60mg/L. The half-life for theophylline is 8 hours.

How long will it take for the serum concentration to reach 7.5mg/L if they take no further doses?
",16 hours,24 hours ,32 hours,40 hours,48 hours,B,"After 8 hours, the level will be 30mg, a further 8 hours later 15mg and a further 8 hours later 7.5mg."
"A patient asks you for some help on how to correctly use his inhaler. You check his medication locker and find Symbicort® (Budesonide/Formoterol).
Which of the following instructions would you give regarding Symbicort® (Budesonide/Formoterol)?",Inhale slowly and gently,Inhale slowly and deeply,Inhale quickly and deeply, Inhale quickly and shallowly,"Inhale slowly and shallowly
",C,Symbicort® (budesonide/formoterol) is a dry powder inhaler and so he should inhale quickly and deeply to ensure adequate delivery to the lungs.
"During pregnancy, can oral and inhaled corticosteroids for asthma management be used be used as normal?",No,Yes,Only SABAs,All except SABAs,All except steriods,B," SABAs, LABAs, oral and inhaled corticosteroids, sodium Cromoglicate and nedocromil sodium, and oral and intravenous theophylline (with appropriate monitoring) can be used as normal during pregnancy."
Which of the following statements about Qvar and Clenil Modulite CFC Free is correct?,"They are interchangeable beclometasone inhalers
","Clenil is TWICE as potent than Qvar
","Both inhalers have the same amount of particles
",Does not need to be prescribed by brand name,Qvar has extra fine particles,E,Qvar is TWICE as potent as Clenil (CFC containing inhalers) and Qvar has extra fine particles compared to Clenil
Whichof these medications can interact and cause a risk of hypokalaemia when taking theophylline?,Montelukast,Bumetanide,Warfarin,Rifampicin,Metoclopramide,B,"Taking theophylline with a loop diuretic (bumetanide, furosemide) increases the risk of hypokalaemia. Other drugs that increase this risk wehn taken with theophylline are corticosteroids, thiazide diuretics and B2-agonists.
"
"From the options below, what drug is most likely to possess both opioid agonist and antagonist properties, demonstrating effective sublingual analgesia for 6-8 hours, with only partial reversal by naloxone hydrochloride?",Tramadol," Pethidine
",Dipipanone hydrochloride," Gabapentin
","Buprenorphine
",E,"Buprenorphine exhibits characteristics of both an opioid agonist and antagonist. When administered sublingually, it functions as an effective analgesic for a duration of 6-8 hours, with its effects only partially reversible by naloxone hydrochloride."
"This antiepileptic  has an increased risk of cleft palate if taken in the first trimester of pregnancy.
Which drug is this most likely to be?







",Topiramate,Carbamazepine,Phenobarbital,Tolfenamic acid,Gabapentin,A,"Topiramate has an increased risk of cleft palate if taken in the first trimester.
"
"Which of the following drugs is associated with impulse control disorders, including pathological gambling, hypersexuality and binge eating?

", Varenicline,"Selegiline
","Apomorphine
",Promethazine,"Rasagiline
",C,"Dopamine-receptor agonists are associated with impulse control disorders, including pathological gambling, binge eating, and hypersexuality. Patients and carers should be informed about the risk of impulse control disorders and how to seek help. If pateints develop an impulse control disorder, then the dopamine-receptor agonist or levodopa should be withdrawn or the dose reduced until tolerated."
"After the ingestion of alcohol this drug can cause an extremely unpleasant systemic reaction because it causes the accumulation of acetaldehyde in the body. Within 10 minutes of ingesting alcohol symptoms like face flushing, a throbbing headache and tachycardia can occur
Which of the following is this drug most likely to be?",Disulfarim,Acamprosate calcium,Tetrabenazine,Rasagiline,Promethazine,A,"Disulfiram inhibits the acetaldehyde dehydrogenase enzyme, meaning patients get “hangover” side effects immediately after alcohol is consumed. Even small amounts of disulfiram with alcohol can cause flushing, sweating, palpitation, throbbing in head and neck, throbbing headache, nausea, copious vomiting, hyperventilation, dyspnoea,tachycardia and confusion. It can be used to treat alcohol dependence."
"This drug is administered 30-60 minutes before dental procedures for conscious sedation.
Which of the following is the drug most likely to be?
",Lorazepam,Promethazine,Temazepam,Methadone,Carbamazepine,C,"BNF monograph for Temazepam: Conscious sedation for dental procedures, by mouth, 15-30mg, to be administered 30-60 minutes before procedure.
"
"This drug is a potent dopamine-receptor agonist. It has indications in dvanced Parkinson’s disease for patients experiencing ‘off’ periods. The patient must be educated on how to self-administer the medicine by subcutaneous injection at the first sign of an ‘off’ episode.
From this description, which of the following is the drug most likely to be?",Tetrabenazine,Selegiline,Co-careldopa,Apomorphine,Bromocriptine,D,Apomorphine is a potent dopamine-receptor agonist indicated in advanced Parkinson’s disease for patients experiencing ‘off’ periods. The patient must be taught to self-administer the medicine by subcutaneous injection at the first sign of an ‘off’ episode.
"Mr Slateman has a diagnosis of moderate dementia associated with Parkinson’s disease. The consultant starts him on a medicine licensed as a twice daily dose by mouth.
Which of the following is the drug most likely to be?","Agomelatine
","Memantine
",Rivastigmine,Galantamine,Donepezil,C,Rivastigmine is the only licensed acetylcholinesterase inhibitor for moderate dementia associated with Parkinson’s disease. Other acetylcholinesterase inhibitors not licensed for this indication.
"Select the most  likely drug based on this description: Miss Adams is on a medium secure ward at a hospital specialising in mental health being trialed with a first-generation antipsychotic. It is only effective for the positive symptoms and has anticholinergic side effects.
",Lithium,Chlorpromazine,Valproic acid,Lofexidine,Aripiprazole,B,Chlorpromazine is the only first-generation antipsychotic in this list.
"Mrs Taylor has received a prescription for propranolol 160mg LA capsules (1 ON) for migraine prophylaxis. When dispensing the prescription your PMR system notifies you that she is has been taking amiodarone regularly for the last 8 months.
What is the most appropriate course of action for you to take?
",Contact the prescriber and recommend to reduce the strength of propranolol,Contact the prescriber and recommend to change the amiodarone,Contact the prescriber and recommend to change to an alternative migraine prophylaxis ,"Dispense the prescription and counsel the patient on the possible side effects of amiodarone
","Dispense the prescription and counsel the patient on the use of the LA formulation i.e. swallow whole and do not chew/rush
",C,Change propranolol to an alternative as amiodarone is predicted to increase the risk of cardiovascular side effects when given with propranolol. Manufacturer advises use with caution or avoid.
"A 35-year-old presents to your pharmacy complaining about pain in his upper arm and shoulder after moving heavy items at home. He asks for some pain relief as he has not yet taking anything. He is on the following:
▪ Ramipril 10mg
▪ Amlodipine 5mg
Which of the following OTC analgesics would be most appropriate to recommend?",Ibuprofen tablets,"Naproxen tablets
","Co-codamol tablets
",Paracetamol effervescent tablets,Paracetamol caplets,E,Paracetamol is first line OTC for pain. NSAIDS are cautioned in hypertension. A less common side effects of NSAIDS can be raised blood pressure.
"Mr Kanev needs a 1-week course of H. Pylori eradication therapy. He has a penicillin allergy (urticarial rash). His other medications include:
Clopidogrel 75mg once a day
Aspirin 75mg once a day
Bisoprolol 2.5mg once a day
Ramipril 5mg once a day
Which of the following regimes is most appropriate for Mr Kanev?
","Esomeprazole 20mg twice a day, Clarithromycin 250mg twice a day, Metronidazole 400mg twice a day","Lansoprazole 30mg twice a day, Clarithromycin 250mg twice a day, Metronidazole 400mg twice a day","Omeprazole 20mg twice a day, Clarithromycin 250mg twice a day, Metronidazole 400mg twice a day","Pantoprazole 40mg twice a day, Amoxicillin 1g twice a day, Clarithromycin 500mg twice a day","Omeprazole 20mg four times a day, Clarithromycin 1g twice a day, metronidazole 800 mg twice a day",B,"Esomeprazole and omeprazole both reduce the efficacy of Clopidogrel. The patient is allergic to penicillin, so can’t have amoxicillin."
"Mr Strauss has been admitted for emergency surgery. His normal medication is dabigatran for atrial fibrillation and so the effects of his anticoagulant need to be reversed before operating. Mr Strauss also takes candesartan and levothyroxine for hypertension and hypothyroidism.
Which agent is most suitable to use for reversal of the effects of dabigatran?",Idarucizumab,"Flumazenil
",Naloxone,"Phytomeniadone
","Protamine
",A,Idarucizumab is a monoclonal antibody designed for the reversal of anticoagulant effects of dabigatran.
"Post-operatively, Mr Strauss returns to the ward with an epidural catheter in situ for his pain relief. That evening Mr Strauss is eating and drinking, and is prescribed his usual medications plus post-operative medications.
Which ONE of the following drugs should be omitted to reduce the in risk of complications associated with the insertion of an epidural catheter?
",Candesartan,"Levothyroxine
",Dabigatran,Gliclazide,Dalteparin,C,NOACs risk causing epidural haematoma (collection of blood in between skull and dura mater). No evidence of a risk with LMWH.
"You are an independent prescribing pharmacist and your competency is in acute stroke and transient ischaemic attacks.
Which of the options is the most appropriate use of aspirin?",Prevention of cardiovascular events in a healthy 25-year-old made with a strong history of early-onset heart disease,Prevention of cardiovascular events in a COPD patient who has previously had a myocardial infarction,Prevention of cardiovascular events in a diabetic patient who has not already had a cardiovascular event,As an enteric coated tablet in patients with a history of gastric ulcer,As a capsule to treat episodes of acute pain,B,A patient who has had a recent myocardial event is at higher risk of a cardiovascular events compared individuals with no previous myocardial events regardless of their comorbidities.
"Ms Larens is prescribed a parenteral anticoagulant for venous thromboembolism prohylaxis. She is given low molecular weight heparin - tinzaparin.
What is the rationale for prescribing a low molecular weight heparin (LMWH) in preference to unfractionated heparin?
","LMWH have a lower risk of heparin-induced thrombocytopenia
",LMWH allow people to have regular INR monitoring to ensure safety,"LMWH are more effective at preventing thromboembolism
",LMWH have a higher risk of heparin-induced thrombocytopenia,N/A,A,"To induce thrombocytopenia, a specific saccharide sequence needs to be present in the heparin formulation. This sequence is more commonly found in unfractionated heparin compared to low molecular weight heparin."
"A 62-year-old man has been prescribed warfarin after an myocardial infarction. He is admitted into hospital with an INR of 10.4 with minor bleeding.
Which is the most appropriate course of action?
",Stop warfarin; give phytomenadione (vitamin K1) by slow IV injection; give dried prothrombin 25-50 units/kg,Stop warfarin; give phytomenadione (vitamin K1) by slow IV injection; repeat dose of phytomenadione if INR still too high after 24 hours; restart warfarin when INR <5.0,Stop warfarin; give phytomenadione (vitamin K1) by mouth using the IV preparation orally; repeat dose of phytomenadione if INR still too high after24 hours; restart warfarin when INR <5.0,Stop warfarin; give phytomenadione (vitamin K1) by slow IV injection; restart warfarin when INR <5.0,Withhold 1 or 2 doses of warfarin and reduce subsequent maintenance,D,If INR>8.0 and minor bleeding – stop warfarin; give phytomenadione (Vitamin K1) by slow IV injection; repeat dose of phytomenadione if INR still too high after 24 hours; restart warfarin when INR <5.0
"Mr Swaine has experienced some chest pain and is diagnosed with angina on a past medical history of type 2 diabetes mellitus. He now complains of severe headaches he has not experienced before.
Which medicines below is most likely to be causing the headaches?",Aspirin,Enalapril,Rosuvastatin,Gliclazide,Isosorbide mononitrate,E,"Side effects of nitrates include dizziness; postural hypotension; throbbing headache; tachycardia.
"
"A 56-year-old man is admitted to hospital with heart failure. He is started on digoxin and after an oral loading dose he is maintained on 125 micrograms daily. He requires a blood test to monitor his plasma digoxin concentration.
When is the most appropriate time take blood to monitor his digoxin levels?
",At least 8 hours after an oral dose has been administered,Between 2-3 hours after an oral dose has been administered,"At least 6 hours after an oral dose has been administered
",Immediately after an oral dose has been administered,Thirty minutes after an oral dose has been administered,C,"BNF: for plasma-digoxin concentration assay, blood should be taken at least 6 hours after a dose. Serum electrolytes and renal function should be monitored as risk of toxicity increased by electrolyte disturbances.
"
"Mr Willis is started on amiodarone in hospital for ventricular fibrillation.  2 weeks after discharge he comes into your pharmacy to get a further supply. Whilst talking he reveals he is feeling tired and that his stools have gone from a dark brown to clay-coloured. He is concerned the amiodarone is causing this.
How should you advise this patient?",The symptoms described are not known to be caused by amiodarone,Stop taking the amiodarone immediately and see the GP as soon as possible,"He should see the GP as the dose of amiodarone may need to be increased
","He should see the GP as the dose of amiodarone may need to be decreased
","He is experiencing a side effect of amiodarone but may want to speak to the GP about an alternative but keep taking the amiodarone until then
",B,Amiodarone may cause hepatotoxicity. Stop using this medicine and check with your doctor right away if you are having more than one of these symptoms: abdominal pain or tenderness; clay-coloured stools; dark urine; decreased appetite; fever; headache; itching loss of appetite; nausea and vomiting; skin rash; swelling of the feet or lower legs; unusual tiredness or weakness; or yellow eyes or skin.
"A man comes into your pharamcy with his 6-year-old daughter. She has been prescribed Trimovate cream for a bacterial skin infection on her feet. The instructions are to to apply one application to both feet once daily for 14 days.
Trimovate contains clobetasone 17-butyrate 0.05% w/w, oxytetracycline 3.0% w/w as calcium oxytetracycline and nystatin 100,000 units per gram.
  
How many milligrams of oxytetracycline does a 30g tube of Trimovate cream contain? 

",90.3g,900mg,30g,900g,3g,B,"The concentration of oxytetracycline is 3.0% w/w this means that 3 g of the drug is found in 100 g, i.e., 3 g in 100 g.

The question would like you to identify how many milligrams of oxytetracycline there are in a 30 g tube therefore you are required to complete some calculation steps.

Step one: 30 g/100 g = 0.3 g
Step two: 0.3 g x 3 g = 0.9 g of Oxytetracycline in 30 g tube
Step three: The question requires you to provide an answer in milligrams therefore 0.9 g x 1000 = 900 mg
"
"A patient on palliative care is prescribed diamorphine 25 mg that is to be given subcutaneously over 24 hours via a syringe driver. The diamorphine infusion that contains 5 mg/mL.                                                                                                                                                                                           What is the correct infusion rate in mL/hour that the syringe driver should be set at? Give your answer to one decimal place.
",25mL/hour,0.2mL/hour,2mL/hour,2L/hour,5mL/hour,B,"25 mg over 24 hours
Infusion contains 5 mg/mL, therefore 5 mL needed over 24 hours = 0.20833mL/hour To one decimal place is 0.2 mL."
"A 4-year-old girl is prescribed a cefalexin suspension to treat a lower urinary tract infection. She weighs 16.8 kg.
The dose for this is 12.5mg/kg twice daily for 3 days.
On hand you have cefalexin 125mg/5mL suspension, pack size 100 mL bottles, in stock. You tell the her parent to discard any unused solution once the course is complete.
How much cefalexin 125mg/5mL suspension will be discarded at the end of the course?
Give your answer to one decimal place.
",50.4mL,504mL,49.6mL,420mL,496mL,C,"12.5 mg/kg x 16.8 kg = 210 mg per dose 210 mg x 2 times daily = 420 mg daily 420 mg x 3 days = 1260 mg for 3 days
Calculate the amount you would need to supply: 1260 mg/? mL = 125mg / 5mL
= 50.4 mL
Calculate amount that will be unused and discarded: 100 mL – 50.4 mL = 49.6 mL"
"Mr Abrams joins a clinical trial and is given the drug CA243- 201 as a treatment for a rare genetic disorder. He weighs 67kg and his initial serum drug concentration immediately after administration was 135 mg/L. The clearance rate of the drug is thought to be 8 mL/kg/minute.

What quantity of CA243-201 in grams, do you expect to be cleared from his body 5.5 hours after administration? Give your answer to one decimal place.",23.9g,23.8g,238g,239g,67g,A,"Clearance rate is 8mL/kg/min x 67kg = 536 mL/minute.
5.5 hours = 330 minutes
536mL x 330mins = 176,880mL cleared in 5.5 hours
Serum concentration = 135mg/1,000mL at 0 hours, Xmg in 176,880mL. 176,880 mL = 176.88 L
Therefore 135 mg/L x 176.88 L = 23,878 mg, therefore Xmg = 23,878.8mg = 23.9g to one decimal place
"
"Ms Layman, a 52-year-old woman comes to your pharmacy with a prescription for chloramphenicol 0.5% minims for a severe eye infection. The instructions on the prescription read: ‘Place ONE drop into the LEFT eye SIX times a day for 10 days’.
Chloramphenicol 0.5% minims come in boxes of 20 dose units after each use each minim should be discarded.
     
How many boxes of minims do you need supply to this patient with?",30 boxes,60 boxes,10 boxes,6 boxes,3 boxes,E,"1 minim per use x 6 times daily = 6 minims per day 6 minims per day x 10 days treatment = 60 minims 60 minims / 20 doses per box = 3 boxes
"
"In order to prdouce a 1 in 1000 solution, what volume of water must be added to 750mL of a 5% solution?
Give your answer in litres to two decimal places",7.50L,36.75L,36.65mL,37.50L ,7.75mL,B,"Step 1 - Calculate the target solution Target = 1 in 1000
= 1 g in 1000 mL
0.1 g in 100 mL = 0.1% w/v
Step 2 - Calculate what we have We have 750mL of a 5% solution
Step 3 - Use the formula C1V1=C2V2
C1 x v1 = c2 x v2
5 x 750 = 0.1 x v2
V2 = 5 x 750/0.1 = 3750/0.1= 37,500 mL
750mL of a 5 % w/v solution can make 37,500mL of a 0.1%w/v (1 in 1000) solution.
Step 4 - Take away the amount of stock! The question asks for water only! Amount of water to be added is 37500 – 750 = 36,750 mL"
"An 11-month-old girl is prescribed omeprazole dispersible tablets for gastro-oesophageal reflux disease (GORD).
The prescription reads:
Omeprazole dispersible 20 mg tablets
Dose: Disperse a QUARTER of a tablet in 10mL of water and take ONCE DAILY. Quantity: 30 days’ supply.
How do you need to supply the patient? 
",4 tablets,7 tablets,6 tablets,8 tablets,9 tablets,D,"The patient is to take a quarter (5mg) of Omeprazole 20mg dispersible tablets once a day.
One tablet will provide four doses; thus, one tablet would allow dose administrations for a total of four days.
For 30 days’ supply:
30 days / 4 days = 7.5 tablets
You will need to supply 8 tablets to provide 30 days of treatment."
"You work for a supplier of unlicensed medicines and have been asked to give advice on the preparation of a new drug. You need to prepare 150mg of the drug, at a concentration of 6mg/mL. The displacement volume of the new drug is 0.5mL/50mg.
What volume of diluent do you need to produce the required concentration? ",1.5mL,25mL,6mL,23.5mL,20mL,D,"The displacement volume = the volume occupied by a solute when added to a solution. The required concentration is 6mg/mL, therefore 25mL is needed for 150mg of drug.
If 50mg displaces 0.5mL of solution, this means 150mg would displace 1.5mL.
25mL – 1.5mL = 23.5mL"
"A patient comes to your pharmacy with a prescription for effervescent potassium chloride and potassium bicarbonate tablets (Sando-K), two tablets to be taken three times for 3 days. Each Sando-K tablet contains 12 mmol of potassium, the diet of a healthy adult will provide a total intake of 100 mmol potassium.

If they take the tablets as prescribed what percentage (%) of their daily intake of potassium will be provided by the Sando-K?
",24%,15%,50%,72%,86%,D,"12 mmol x 2 = 24 mmol 24 mmol x 3 = 72 mmol 72/100 = 0.72
0.72 x 100 = 72 %"
"A patient with cellulitis is discharged from hospital on 14 day course of flucloxacillin 500 mg four times daily.
If the patient has already had three full days of treatment of flucloxacillin, how many 250 mg capsules would you need to supply to complete the course?",88 capsules,92 capsules,112 capsules,72 capsules,11 capsules,A,Total supply: 14 – 3 = 11 days treatment required therefore 11 x 4 x 2 = 88 capsules
"This drug has two mechanisms for providing analgesia: an opioid effect and enhancing serotonergic and adrenergic pathways.
Which of the following is the drug most likely to be?
","Buprenorphine
","Pethidine
","Dipipanone hydrochloride
","Tramadol
",Codeine,D," Tramadol is a centrally acting synthetic opioid analgesic and enhances serotonergic and adrenergic neurotransmission.

"
"Mr LP weighs 90kg and was started on 600mg lithium carbonate twice daily. His levels have been monitored for the past few weeks.
Which of the following is the target serum-lithium concentration?
","0.1-0.5 mg/litre
","0.4-1 mmol/litre
","0.2-1 mmol/litre
",0.8-1 mmol/litre,"1-2 mmol/litre 
",B,"Lithium salts have a narrow therapeutic/toxic ratio and should therefore not be prescribed unless serum-lithium concentrations can be monitored. Samples should be taken 12 HOURS after the dose to achieve a serum-lithium concentration of 0.4-1 mmol/litre. A target serum-lithium concentration of 0.8-1 mmol/litre is recommended for acute episodes of mania.
"
"A 67-year-old woman is admitted to hospital following a fall at home. Recently she has been feeling very weak and drowsy and appears confused. The doctor has sends her for further testing. 

Which of the following medications is the most likely cause of her fall?
","Ibuprofen
","Lansoprazole
","Amlodipine
","Fluoxetine
","Atorvastatin
",D,"Hyponatraemia (usually in the elderly and possibly due to inappropriate secretion of antidiuretic hormone) is associated with all types of antidepressants but is more frequently reported with SSRIs. Hyponatraemia should be considered in all patients who develop drowsiness, confusion, or convulsions while taking antidepressants.
"
"A 49-year-old man has been taking Lithium Carbonate 400mg (Priadel) tablets for the past 15 years for bipolar disorder. He comes into your pharmacy with a prescription and tells you he was advised to come back immediately if he notices signs of diarrhoea, vomiting, drowsiness or muscle twitching.
Which  drug is the prescription most likely for?
",Amoxicillin,Clozapine,Ibuprofen,Theophylline,Trimethoprim,C,These are symptoms of lithium toxicity. Ibuprofen increases the concentration of lithium and therefore puts the patient at risk of toxicity. Manufacturer advises to monitor and adjust the dose.
"You receive a prescription for haloperidol depot injections for one of your patients but your system shows this particular patient usually takes haloperidol tablets.
What is the most likely reason the haloperidol has been changed from tablets to a depot injection?
",To improve adherence, To improve efficacy,To provide a more rapid response,To reduce the risk of extrapyramidal side effects,To reduce the risk of neuroleptic malignant syndrome,A,"Relapse and non-adherence is very common in psychotic/schizophrenic patients. Depots are recommended in order to save the patient managing any tablets/capsules, improving adherence and preventing relapse/admission into hospital."
"An otherwise healthy 2-year-old child is pyrexial with flu-like symptoms and needs paracetamol.
What is the most appropriate dose of paracetamol to be administered every six hours?
",60mg,120mg,180mg,240mg,360mg,C,Child 2-3 years: 180mg every 4-6 hours; maximum 4 doses per day.
"Ms Donahue has come into hospital following a car accident. She lost control of body movements and fell asleep at the wheel. Medical staff noted that her eyes were moving rapidly and involuntarily and she is in respiratory depression. Her drug history shows Bisoprolol and Diazepam.
What does this indicate?
",Ms Donahue has gone into anaphylactic reaction,"Ms Donahue has taken the wrong medication
","Ms Donahue is experiencing an overdose with benzodiazepines
",She is experiencing a severe interaction between two medications,Ms Donahue has taken too much bisoprolol,C,"Overdose: Ataxia, Nystagmus, Respiratory Depression, Coma, Drowsiness
"
"A 34-year-old female has a sudden onset of a severe headache. She tells you she's feeling sick and has experienced blurred vision since before the pain began.
Which is the most appropriate treatment to treat the headache?
","Almotriptan 12.5mg tablets
","Pizotifen 1.5mg tablets
",Propranolol 80mg tablets,"Timolol maleate 10mg tablets
",Topiramate 50mg tablets,A,"Almotriptan is the treatment of acute migraine. The other options except Topiramate, which is indicated for epilepsy, are for migraine prophylaxis."
"A mother comes into your pharmacy requesting a bottle of ibuprofen for her child.
What is the recommended dose for a 3 year old?
",50mg three times a day,50mg three to four times a day,100mg three times a day,"150mg three times a day
"," 200mg three times a day
",C,"Child 1-3 years: 100mg 3 times a day, maximum daily dose to be given in 2-4 divided dose; maximum 30mg/kg per day.
"
"A 47 year old woman started metformin 6 months ago and has been suffering from chronic diarrhoea since. The GP has opted to change her medication to Canagliflozin 100mg once daily as monotherapy. 
What is of the options below is the mechanism of action of Canagliflozin?
","Binds to, and activates the glucagon-like peptide-1 receptor to increase insulin secretion
","Reversibly inhibits sodium-glucose co-transporter 2 in the renal proximal convoluted tubule to reduce glucose reabsorption and increase urinary glucose excretion
","Inhibits dipeptidylpeptidase-4 to increase secretion and lower glucagon secretion
",Decrease gluconeogenesis and increases peripheral utilisation of glucose,An inhibitor of intestinal alpha glucosidases and delays the absorption of starch and sucrose,B,"Dapagliflozin, Canagliflozin and Empagliflozin reversibly inhibit sodium-glucose co-transporter 2 in the renal proximal convoluted tubule, reducing glucose reabsorption and increasing urinary glucose excretion."
"Mr Novik has type 2 diabetes and needs to start insulin therapy. He would like an insulin preparation that is injected subcutaneously TWICE daily along with meals.
Which of the following options is the most suitable insulin preparation for Mr Novik?
",Actrapid (soluble insulin)," Apidra (insulin glulisine)
","Humalog Mix25 (biphasic insulin lispro)
",Lantus (insulin glargine),"NovoRapid (insulin aspart)
",C,Humalog Mix25 (biphasic insulin lispro) contains an intermediate acting and rapid acting insulin and is commonly used for twice daily regimens when basal-bolus regimens are unsuitable/not tolerated.